10 republican candidates 2016	1
16 gop candidates	1
16 gop candidates for president	1
2015 president candidates	2
2016 announced republican presidential candidates	1
2016 candidate comparison	
2016 candidates views	
2016 caucus schedule	
2016 contenders for president	2
2016 declared presidential candidates	2
2016 declared republican presidential candidates	1
2016 democratic presidential contenders	3
2016 election campaign	91
2016 election candidates list	
2016 election days	48
2016 election schedule	
2016 gop election	
2016 libertarian presidential candidates	2
2016 national election	
2016 national elections	
2016 possible democratic candidates	3
2016 presential canidates	2
2016 presidency candidates	2
2016 presidentail canidates	2
2016 presidental run	
2016 presidential candidate leaders	2
2016 presidential candidates	2
2016 presidential candidates and views	
2016 presidential candidates front runners	2
2016 presidential candidates spectrum	2
2016 presidential candidates survey	2
2016 presidential candidates united states	4
2016 presidential candidates voting records	5
2016 presidential election	
2016 presidential election articles	
2016 presidential race	
2016 presidential republican candidates	1
2016 presidential vote	
2016 presidents running	
2016 primaries date	6
2016 rep pres candidates	2
2016 republican candidates issues comparison chart	
2016 republican candidates military service	1
2016 republican candidates president	1
2016 republican contenders	1
2016 republican pres candidates	1
2016 republican president candidates	1
2016 republican running for president	
2016 runners for president	2
2016 top republican candidates	7
2016 us presidential candidates list	
2016 us presidential election republican	
2106 republican presidential candidates	1
about the 2016 presidential candidates	2
about the republican candidates	1
all 2016 republican candidates	
all presidential candidates 2016	
american presidential candidates	4
arly fiorina	
background of marco rubio	
ben carson	
ben carson 2015 schedule	
ben carson and muslim president	
ben carson announces run for president	
ben carson background information	64
ben carson biography religion	
ben carson campaign manager	104
ben carson campaign store	104
ben carson childhood biography	
ben carson gun control stance	111
ben carson lgbt	
ben carson on abortion	112
ben carson on gun	111
ben carson on illegal immigration	113
ben carson political position	114
ben carson position on immigration	113
ben carson president 2016	65
ben carson s biography	
ben carson s political views	114
ben carson s views on immigration	113
ben carson stand on gun control	111
ben carson views on education	115
ben carsons view on abortion	112
ben neurosurgeon	
bencarson campaign	
benjamin solomon carson	
berbie sanders	
bernard bernie sanders	
bernard sanders	
bernie anders	
bernie campaign	
bernie sand	
bernie sanders	
bernie sanders and public education	
bernie sanders campaign contributions	95
bernie sanders campaign donations	95
bernie sanders campaign events	95
bernie sanders campaign fund	95
bernie sanders campaign funding	95
bernie sanders career history	
bernie sanders for president	66
bernie sanders for president of the united states of america	
bernie sanders issues on abortion	116
bernie sanders on twitter	
bernie sanders political viewpoints	117
bernie sanders president	66
bernie sanders presidential campaign donation	
bernie sanders speech schedule	
bernie sanders views	117
bernie sanders views on environment	118
bernie sanders voting record on abortion	
bernie sanders vs donald trump	
bernie sandersd	
bernie sandres	
bernie saunders for president	66
bernoe sanders	
berrnie sanders	
betnie sandwrs	
bio jeb bush	
bio of carly fiorina	
bio of lindsey graham	
bio of rick santorum	
bio on dr ben carson	
bio on john kasich	
bio on mike huckabee	
biography of ben carson	
biography on bernie sanders	
biography ted cruz	
bobbie jindle	
campaign 2016 republicans	
candidate 2016	2
candidate election 2016	2
candidate for president	2
candidates for 2016	2
candidates for 2016 presidential race	
candidates for president	2
candidates for president 2016 democrat	3
candidates for president of the united states	
candidates for president republican	1
candidates for us president	4
candidates of the republican party	1
candidates of the republican party 2016	1
candidates republican 2016	1
candidates running for election	
canidates for the 2016 election	
carla farina	
carla fiorini	
carla forina	
carley farina	
carley fiorina hp	
carley florina	
carli fiorna	
carlie florina	
carlson ben	
carly fionia	
carly fioriana	
carly fiorina biographical information	
carly fiorina campaign manager	
carly fiorina illegal immigration	
carly fiorina on abortion	119
carly fiorina on environment	120
carly fiorina view on immigration	
carly fiorina views	121
carly firorina	
carly florina for president	
carson ben	
carson gun control	111
carson views	114
carson vs trump	
chris christe for president	69
chris christi	
chris christie	
chris christie biographical information	68
chris christie democrat or republican	
chris christie for president	69
chris christie health care	
chris christie political experience	68
chris christie president 2016	69
chris cristie	
christie for president	69
clinton campaign jobs	97
clinton stance on immigration	122
colorado primary election date 2016	
compare 2016 gop presidential candidates	
compare presidential candidates 2016	
compare republican candidates for president	
comparison of democratic candidates	
comparison of republican candidates	
comparison republican candidates 2016	
confirmed 2016 presidential candidates	2
conservative presidential candidates 2016	2
conservative ratings of presidential candidates	2
countdown to presidential election	
cruz campaign	
cruz on abortion	
ct primary elections	
current declared presidential candidates	2
current democrat candidates for president	3
current gop candidates for president	1
current list of 2016 presidential candidates	2
current presidential nominees	2
date of florida primary election 2016	
date of next presidential election	
date of next presidential primary election	12
dates of primary elections 2016	
deadline for presidential candidates 2016	2
declared republican canidates	1
dem presidential candidates	2
demo pres candidates	2
democrat candidates 2016	3
democrat nominee 2016	3
democrat nominees for president 2016	3
democrat president candidate	3
democrat president contenders	3
democrat running for president	
democrat running for president 2016	
democrate presidential candidates 2016	
democratic candidates in 2016	3
democratic front runners	
democratic front runners 2016	3
democratic hopefuls	3
democratic party running for president	
democratic people running for president	
democratic presidential candidates 2016	3
democratic presidential frontrunners	3
democratic primary schedule 2016	
dinald trump twitter	
dobald trump twitter	
doland trump	
don trump campaign	
donadl trump twitter	
donakd trump	
donald dtrump	
donald jtrump	
donald teump twitter	
donald trump	
donald trump background info	72
donald trump background information	72
donald trump bio	74
donald trump campaign phone number	
donald trump campaign platform	100
donald trump campaign speech	
donald trump democrat	73
donald trump environmental	
donald trump is running for president	
donald trump on gun control	123
donald trump running for president speech	
donald trump s campaign	
donald trump s campaign schedule	
donald trump s life	
donald trump s stance on gun control	123
donald trump s view on gun control	123
donald trump stand on gun control	123
donald trump tax reform plan for 2016	
donald trump tweets	
donald trump tweets megyn kelly	
donald trump twitter	
donald trump twitter feed	
donald trump vs ben carson	
donald trump wedding	74
donald trumph	
donald trumps biography	74
donald trumps history	74
donald trumps speech to run for president	
donate to bernie sanders campaign	95
dr ben carson	
dr ben carson campaign	
dr ben carson childhood story	75
dr ben carson gun control	111
dr ben carson running for president	
dr carson bio	
election 2016	
election 2016 issues	
election 2016 presidential candidates	2
election day	
election day usa	
election days for 2016	48
election of 2016 candidates	
election usa	
elections 2016 timeline	
elections in usa 2016	
everyone running for president in 2016	
female ceo running for president	
female republican candidate for president	
female republican running for president	
fiona hp	
fiorina carly	
fiorina hewlett packard	
follow trump on twitter	
front running republicans for 2016	
future presidential election dates	
gallup us presidential election center	
georgia elections	
gilmore presidential candidate	
gop 2016 candidates	1
gop candidate comparison	
gop candidates for 2016 president	1
gop candidates for president	1
gop declared candidates	1
gop nominee 2016	1
gop potential presidential candidates	1
gop primary 2016 schedule	
gop running for president	
gop top runners	7
graham president	
green party presidential candidate	2
green party usa presidential candidates	4
hilarry clinton	
hilary clinton s campaign	
hilary clonton	
hilary president	
hiliary clinton twitter	
hillary campaign logo	97
hillary clintom	
hillary clinton 2016 campaign team	97
hillary clinton 2016 election	
hillary clinton biography	
hillary clinton campaign 2016 website	97
hillary clinton campaign jobs	97
hillary clinton campaign stops	97
hillary clinton for president 2016 california	
hillary clinton gun control	124
hillary clinton gun control plan	124
hillary clinton life	77
hillary clinton on health care	125
hillary clinton on immigration	122
hillary clinton opinion on immigration	122
hillary clinton presidential candidate 2016	19
hillary clinton republican	
hillary clinton running for president 2016	
hillary clinton twitter	
hillary clinton when she was young	
hillary clinton young republican	
hillary clintons	
hillary clnton	
hillary rodham	
hillary rodham clinton young	
hillary rodman clinton	
hillery clinton bio	
hillery clinton twitter	
hispanic presidential candidates	2
hispanic republican presidential candidate	1
how many are running for president	
how many democrats are running for president in 2016	
how many gop candidates are there 2016	21
how many republican candidates are running for president	
how many republican candidates are there for 2016	21
how many republican candidates are there for president	21
how many republican presidential candidates are there now	21
how many republicans running for president	
how many times trump married	
how many times was donald trump married	
how the presidential election process works	
how to contact ben carson campaign	104
how to vote for president	5
hucabee for president	85
huckabee biography	
info on bernie sanders	78
info on hillary clinton	79
information on marco rubio	63
is ben carson married	
is chris christie running for president	
is donald trump running for president	
is huckabee running for president in 2016	
is marco rubio republican	
is marco rubio running for president	
is ted cruz on obama care	
issues in 2016 election	
issues in the 2016 election	
jeb bush	
jeb bush abortion	126
jeb bush and gun control	
jeb bush campaign staff	
jeb bush campaign website	
jeb bush employment history	67
jeb bush gun control	127
jeb bush immigration plan	128
jeb bush immigration policy	128
jeb bush on obama care	
jeb bush on twitter	
jeb bush stance on abortion	126
jeb bush stand on gun control	127
jebb bush	
jed bush candidate for president	24
jen bush twitter	
jobs with hillary clinton campaign	97
john kasich	
john kasich background	82
john kasich s	
johnkasich	
kasich	
kasich president	83
key issues for 2016 election	
latest republican presidential candidates	1
leaders in presidential race	
leaders in the presidential race	
leading 2016 presidential candidates	25
leading candidates for president 2016	25
leading presidential candidates	25
life history of donald trump	
likely 2016 candidates	2
lindsey graham history	84
list of 2016 democrat candidates	
list of 2016 democratic candidates	
list of 2016 republican presidential candidates	
list of current republican presidential candidates	1
list of people running for president	
list of republican presidential candidate	
list of us presidential candidates	
list of websites of the presidential candidates	2
list of who s running for president in 2016	
louisiana election	
louisiana primary date	
ma elections	
major presidential candidates	2
marco rubio	
marco rubio campaign headquarters	
marco rubio illegal immigration	
marco rubio on environment	129
marco rubio on illegal immigration	
marco rubio on immigration reform	
marco rubo	
marco runio	
maryland election day	
massachusetts primary election	
massachusetts primary elections	
md election	
michigan state election	
mike huckabee political views	130
mike huckabee tax plan	
missouri election	
most likely gop candidate for 2016	1
most moderate gop candidate	1
most popular presidential candidates	2
mrco rubio	
nc 2016 primary election date	27
nc primary elections	27
new democratic candidate	3
next american presidential election	
next presidential election year	28
next presidential vote	29
next usa election	
ny state primary date	30
ohio general election	
ohio primary elections	
oregon elections	
pennsylvania primary election date	
popular presidential candidates 2016	2
positions of gop candidates	1
possible candidates for president 2016	2
possible democratic presidential nominees	3
possible republican candidates for president	1
possible republican nominees	1
potential 2016 republican candidates	1
potential female presidential candidates	
preliminary presidential race 2016	
presdential election	
presidency race	
president 2016 election	2
president campaign	91
president election years	48
president vote 2016	57
presidental candidates for 2016	2
presidential campaign runners	34
presidential candidate test	2
presidential candidates 2016 democrat	3
presidential candidates 2016 issues	2
presidential candidates 2016 list	
presidential candidates 2016 us	4
presidential candidates 2016 voting records	5
presidential candidates for the republican party	1
presidential candidates immigration	131
presidential candidates platform	2
presidential candidates republican party 2016	1
presidential candidates republicans	1
presidential candidates views 2016	
presidential election	
presidential election 2016 timeline	
presidential election list	
presidential election of 2016 candidates	
presidential election timeline	
presidential election united states	
presidential gop candidates 2016	1
presidential republican candidates 2016	1
presidential runner ups for 2016	2
presidential voting date	57
presidents 2016 candidates	2
presidents running 2016	
primary election day pennsylvania	
primary election in ohio	
primary elections in texas are	
primary elections were introduced by the	6
primary voting in va	
rand pail	
rand pau	
rand paul democrat or republican	
rand paul election	
rand paul environmental issues	
rand paul presidential campaign jobs	
rand paul presidential platform	87
rand paul s views	132
rand paul view on abortion	
rand paul views	132
randall paul	
real clear politics 2016 election	
real clear politics republican presidential candidates 2016	
real donald trump twitter	
realdonaldtrump	
rebublican canidates	
rep candidates for president	2
rep candidates president 2016 on immigration	131
republic canidate	1
republican 2016 election	
republican and democrat candidates 2016	
republican black presidential candidate	36
republican candidate forum	1
republican candidate summary	1
republican candidates 2016 president	1
republican candidates running for 2016	
republican canidates	1
republican canidates 2016	1
republican canidates for pres	1
republican gop candidates 2016 standing	35
republican hopefuls	1
republican hopefuls for 2016	1
republican nominees for 2016	1
republican party 2016 candidates	1
republican party nominees 2016	1
republican party running	58
republican presidentail nominees	1
republican presidental hopeful	1
republican presidential candidate	1
republican presidential candidate leaders	1
republican presidential candidates	1
republican presidential candidates 2016 compared	
republican presidential candidates 2016 race	
republican presidential candidates 2016 what channel	1
republican presidential contenders 2016	1
republican presidential hopefuls	1
republican presidential primary dates	
republican primaries schedule	
republican primary dates 2016	
republican primary election schedule	
republican primary election schedule 2016	
republican runners 2016	1
republican women presidential candidate	
republicans for president 2016	1
republicans in presidential race	
republicans running fir president	
republicans running for the 2016 presidency	
repulican candidates for president	1
repulican presidential candidates	1
residential candidates 2016	
rick santorum campaign	
rick santorum gun control	133
rick santorum immigration	134
rick santorum on immigration	134
rubio and immigration reform	
rubio for president 2016	
rubio political views	135
rubio running for president	
rubio s tax plan	
runners up for president 2016	2
running for the 2016 presidency	
running president for 2016	
sanders for pres	66
sanders on abortion	116
santorum campaign	
santorum twitter	
sd elections	
summary of 2016 presidential candidates	2
ted cruise	
ted cruiz	
ted cruz	
ted cruz and gun control	
ted cruz campaign jobs	
ted cruz campaign site	
ted cruz life	89
ted cruz on health care	137
ted cruz presidential candidate	37
ted cruz presidential run	
ted cruz s stance on immigration	138
ted cruz schedule of events	
ted cruzz	
texas presidential primary date	
texas primary elections	
the candidates for 2016	
the five plausible gop candidates	1
the next presidential election	
the presidential candidates for 2016	2
the republican presidential candidates	
top 10 candidates for president	39
top 10 gop presidential candidates 2016	7
top 2016 democratic candidates	40
top 2016 gop candidates	7
top 3 presidential candidates for 2016	39
top democratic hopefuls	40
top five republican candidates	7
top republican candidate	7
top republican candidates for president	7
top republican presidential candidates 2016	7
trump a democrat	
trump campaign platform	100
trump childhood	74
trump donald president	71
trump fopr president	
trump on immigration plan	139
trump on legal immigration	139
trump policy on illegal immigration	139
trump presidential candidate	14
trump running for president	
trump runs for president	
trump to run for president	
trump tweets megan kelly	
trump twitte	
trump twitter	
trumps campaign	
trumps stand on abortion	
tweets about donald trump	
twitter bernie	
twitter donald	
twitter donald trumo	
twitter john kasich	
twitter realdonaldtrump	
twitter trump	
u s presidential elections	
upcoming presidential election	
upcoming presidential election candidates	28
us election dates	
us primary elections 2016	41
usa 2016 elections	
usa candidates 2016	4
usa elections	
volunteer clinton campaign	97
vote 2016 united states	
vote for 2016 president	
what date is the presidential election	
what democrats are running in 2016	
what democrats will run in 2016	
what each presidential candidate stands for	
what is donald trump s religious background	
what is donald trump s stand on health care	
what is donald trumps views on gun control	
what month is presidential election	
when are 2016 primaries	
when are presidential elections	
when are the 2016 democratic primaries	
when are the 2016 presidential elections	
when are the democratic primary elections	
when are the primary elections for 2016	
when are the primary elections held	
when are the republican primaries 2016	
when are the us primaries	
when do we elect a new president	
when do we vote for a new president 2016	
when do we vote for next president	
when do we vote for president again	
when do we vote for the presidential primary	
when in the presidential election	
when is democrat primary	42
when is democratic primary 2016	42
when is election day for new president	
when is election day in usa	
when is new presidential election	
when is next primary election	
when is nh primary election	
when is texas primary	
when is the democratic primary	
when is the nc primary	
when is the new election for president	
when is the next election	
when is the next presidential elections	
when is the next primary	
when is the next republican primary election	
when is the presidential election of 2016	
when is the presidential nomination election	
when is the presidential primary election	43
when is the primary election for 2016	
when is the primary election in pennsylvania	
when is the texas primary election	
when will presidential candidates announce	
where are the presidential candidates today	28
where does hillary clinton stand on gun control	124
where was rubio born	
which republican candidate is most moderate	1
who all are the gop canidates for 2016	
who are all the candidates for president 2016	
who are gop candidates	
who are potential candidates for president	2
who are the 2016 gop candidates	
who are the 2016 presidential canidates	
who are the canidates for president	
who are the current democratic candidates for president	3
who are the current presidential candidates	2
who are the democratic candidates	
who are the frontrunners for president	
who are the gop candidates for 2016	
who are the people running for president	
who are the presidential candidates 2016	
who are the presidential nominees	
who are the republican candidates running for president in 2016	
who are the republican nominees for president	
who are the us presidential candidates	
who going to run for president in 2016	
who has announced running for president	
who is ahead in the presidential race	
who is ben carson married to	
who is carly fiorina	
who is donald trump	
who is in the run for president	
who is jill stein	
who is kasich	
who is leading the presidential elections	
who is lindsey graham	
who is marco rubio	
who is running democratic party	
who is running for democratic party 2016	
who is running for election 2016	
who is running for president for republican	
who is running for president for the democrats	
who is running for president in 2016	
who is running for president in 2016 republican	
who is running for president of the united states	
who is running for presidential election 2016	
who is the best candidate for president	2
who is the best presidential candidate 2016	
who is the top democratic candidate	
who is the woman republican candidate	
who is winning the republican race	
who s leading the presidential campaign	
who s running for president	
who s running for president 2016	
who s running for president new york times	
who s running for president next	
who s running for president next election	
who s running for us president	
who s running for us president in 2016	
who s running in the 2016 election	
who s winning the 2016 election	25
who will be the next president 2016	28
who will the next president be	28
who will win the presidential election in 2016	
who would you vote for president 2016	5
whos running for pres	
whos running for presidency in 2016	
whos running for president	
whos running for prez	
whos running for republican president 2016	
whos running for the republican party	
why ted cruz can run for president	
wi election	
will donald trump be a good president	71
woman republican candidate for president	
woman republican presidential candidate	
women candidates for president	
women presidential candidates	
