2016 election candidates list	
2016 presidential race	
2016 republican running for president	
2016 us presidential candidates list	
all 2016 republican candidates	
all presidential candidates 2016	
bernie sanders for president of the united states of america	
candidates for 2016 presidential race	
candidates for president of the united states	
candidates running for election	
canidates for the 2016 election	
colorado primary election date 2016	
democrat running for president	
democrat running for president 2016	
democrate presidential candidates 2016	
democratic front runners	
democratic party running for president	
democratic people running for president	
donald trump is running for president	
dr ben carson running for president	
election of 2016 candidates	
everyone running for president in 2016	
female republican candidate for president	
female republican running for president	
front running republicans for 2016	
gop running for president	
hillary clinton for president 2016 california	
how many democrats are running for president in 2016	
is chris christie running for president	
is donald trump running for president	
is huckabee running for president in 2016	
is marco rubio running for president	
leaders in presidential race	
leaders in the presidential race	
list of 2016 democrat candidates	
list of 2016 democratic candidates	
list of 2016 republican presidential candidates	
list of people running for president	
list of republican presidential candidate	
list of us presidential candidates	
list of who s running for president in 2016	
massachusetts primary election	
massachusetts primary elections	
ohio primary elections	
pennsylvania primary election date	
potential female presidential candidates	
preliminary presidential race 2016	
presidency race	
presidential candidates 2016 list	
presidential election of 2016 candidates	
presidents running 2016	
primary election day pennsylvania	
rebublican canidates	
republican and democrat candidates 2016	
republican candidates running for 2016	
republican presidential candidates 2016 race	
republican women presidential candidate	
republicans in presidential race	
republicans running fir president	
republicans running for the 2016 presidency	
residential candidates 2016	
rubio running for president	
running for the 2016 presidency	
running president for 2016	
texas presidential primary date	
texas primary elections	
the candidates for 2016	
the next presidential election	
the republican presidential candidates	
trump running for president	
trump runs for president	
trump to run for president	
what democrats are running in 2016	
what democrats will run in 2016	
when is the democratic primary	
who all are the gop canidates for 2016	
who are all the candidates for president 2016	
who are gop candidates	
who are the 2016 gop candidates	
who are the 2016 presidential canidates	
who are the canidates for president	
who are the democratic candidates	
who are the frontrunners for president	
who are the gop candidates for 2016	
who are the people running for president	
who are the presidential candidates 2016	
who are the presidential nominees	
who are the republican candidates running for president in 2016	
who are the republican nominees for president	
who are the us presidential candidates	
who going to run for president in 2016	
who has announced running for president	
who is ahead in the presidential race	
who is running democratic party	
who is running for democratic party 2016	
who is running for president for republican	
who is running for president for the democrats	
who is running for president in 2016	
who is running for president in 2016 republican	
who is running for president of the united states	
who is running for presidential election 2016	
who is the best presidential candidate 2016	
who is the top democratic candidate	
who is the woman republican candidate	
who s running for president	
who s running for president 2016	
who s running for president next	
who s running for president next election	
who s running for us president	
who s running for us president in 2016	
who s running in the 2016 election	
whos running for pres	
whos running for presidency in 2016	
whos running for president	
whos running for prez	
whos running for republican president 2016	
whos running for the republican party	
why ted cruz can run for president	
woman republican candidate for president	
woman republican presidential candidate	
women candidates for president	
women presidential candidates	
